NAME_LONG,ISO_A3
Afghanistan,AFG
Albania,ALB
Algeria,DZA
American Samoa,ASM
Andorra,AND
Angola,AGO
Anguilla,AIA
Antarctica,ATA
Antigua and Barbuda,ATG
Argentina,ARG
Armenia,ARM
Aruba,ABW
Ashmore and Cartier Islands,-99
Australia,AUS
Austria,AUT
Azerbaijan,AZE
Bahamas,BHS
Bahrain,BHR
Bangladesh,BGD
Barbados,BRB
Belarus,BLR
Belgium,BEL
Belize,BLZ
Benin,BEN
Bermuda,BMU
Bhutan,BTN
Bolivia,BOL
Bosnia and Herzegovina,BIH
Botswana,BWA
Brazil,BRA
British Indian Ocean Territory,IOT
Brunei,BRN
Bulgaria,BGR
Burkina Faso,BFA
Burma,MMR
Burundi,BDI
Cabo Verde,CIV
Cambodia,KHM
Cameroon,CMR
Canada,CAN
Cayman Islands,CYM
Central African Republic,CAF
Chad,TCD
Chile,CHL
"China, People's Republic",CHN
Colombia,COL
Comoros,COM
"Congo, Democratic Republic",COD
"Congo, Republic",COG
Cook Islands,COK
Costa Rica,CRI
Croatia,HRV
Cuba,CUB
Curacao,CUW
Cyprus,CYP
Czechia,CZE
Denmark,DNK
Djibouti,DJI
Dominica,DMA
Dominican Republic,DOM
Ecuador,ECU
Egypt,EGY
El Salvador,SLV
Equatorial Guinea,GNQ
Eritrea,ERI
Estonia,EST
Swaziland,SWZ
Ethiopia,ETH
Faeroe Islands,FRO
Falkland Islands / Malvinas,FLK
Fiji,FJI
Finland,FIN
France,-99
French Polynesia,PYF
French Southern and Antarctic Lands,ATF
Gabon,GAB
Gambia,GMB
Georgia,GEO
Germany,DEU
Ghana,GHA
Greece,GRC
Greenland,GRL
Grenada,GRD
Guam,GUM
Guatemala,GTM
Guernsey,GGY
Guinea,GIN
Guinea-Bissau,GNB
Guyana,GUY
Haiti,HTI
Heard I. and McDonald Islands,HMD
Honduras,HND
Hong Kong,HKG
Hungary,HUN
Iceland,ISL
India,IND
Indian Ocean Territories,-99
Indonesia,IDN
Iran,IRN
Iraq,IRQ
Ireland,IRL
Isle of Man,IMN
Israel,ISR
Italy,ITA
Jamaica,JAM
Japan,JPN
Jersey,JEY
Jordan,JOR
Kazakhstan,KAZ
Kenya,KEN
Kiribati,KIR
"Korea, North",PRK
"Korea, South",KOR
Kosovo,-99
Kuwait,KWT
Kyrgyzstan,KGZ
Laos,LAO
Latvia,LVA
Lebanon,LBN
Lesotho,LSO
Liberia,LBR
Libya,LBY
Liechtenstein,LIE
Lithuania,LTU
Luxembourg,LUX
Macau,MAC
Madagascar,MDG
Malawi,MWI
Malaysia,MYS
Maldives,MDV
Mali,MLI
Malta,MLT
Marshall Islands,MHL
Mauritania,MRT
Mauritius,MUS
Mexico,MEX
"Micronesia, Federated States",FSM
Moldova,MDA
Monaco,MCO
Mongolia,MNG
Montenegro,MNE
Montserrat,MSR
Morocco,MAR
Mozambique,MOZ
Namibia,NAM
Nauru,NRU
Nepal,NPL
Netherlands,NLD
New Caledonia,NCL
New Zealand,NZL
Nicaragua,NIC
Niger,NER
Nigeria,NGA
Niue,NIU
Norfolk Island,NFK
North Macedonia,MKD
Northern Cyprus,-99
Northern Mariana Islands,MNP
Norway,-99
Öland Islands,ALA
Oman,OMN
Pakistan,PAK
Palau,PLW
Palestine,PSE
Panama,PAN
Papua New Guinea,PNG
Paraguay,PRY
Peru,PER
Philippines,PHL
Pitcairn Islands,PCN
Poland,POL
Portugal,PRT
Puerto Rico,PRI
Qatar,QAT
Republic of Cabo Verde,CPV
Romania,ROU
Russia,RUS
Rwanda,RWA
Sao Tome and Principe,STP
Saint Helena,SHN
Saint Kitts and Nevis,KNA
Saint Lucia,LCA
Saint Pierre and Miquelon,SPM
Saint Vincent and the Grenadines,VCT
Saint-Barth√©lemy,BLM
Saint Martin (French),MAF
Samoa,WSM
San Marino,SMR
Saudi Arabia,SAU
Senegal,SEN
Serbia,SRB
Seychelles,SYC
Siachen Glacier,-99
Sierra Leone,SLE
Singapore,SGP
Sint Maarten,SXM
Slovakia,SVK
Slovenia,SVN
Solomon Islands,SLB
Somalia,SOM
Somaliland,-99
South Africa,ZAF
South Georgia and the Islands,SGS
South Sudan,SSD
Spain,ESP
Sri Lanka,LKA
Sudan,SDN
Suriname,SUR
Sweden,SWE
Switzerland,CHE
Syria,SYR
Taiwan,TWN
Tajikistan,TJK
Tanzania,TZA
Thailand,THA
Timor-Leste,TLS
Togo,TGO
Tonga,TON
Trinidad and Tobago,TTO
Tunisia,TUN
Turkey,TUR
Turkmenistan,TKM
Turks and Caicos Islands,TCA
Tuvalu,TUV
Uganda,UGA
Ukraine,UKR
United Arab Emirates,ARE
United Kingdom,GBR
United States,USA
United States Virgin Islands,VIR
Uruguay,URY
Uzbekistan,UZB
Vanuatu,VUT
Vatican,VAT
Venezuela,VEN
Vietnam,VNM
"Virgin Islands, British",VGB
Wallis and Futuna Islands,WLF
Western Sahara,ESH
Yemen,YEM
Zambia,ZMB
Zimbabwe,ZWE